{
  "project_info": {
    "project_number": "493201538725",
    "firebase_url": "https://job-fixer-b66f2.firebaseio.com",
    "project_id": "job-fixer-b66f2",
    "storage_bucket": "job-fixer-b66f2.appspot.com"
  },
  "client": [
    {
      "client_info": {
        "mobilesdk_app_id": "1:493201538725:android:57dfe1f86b351e1c91974c",
        "android_client_info": {
          "package_name": "com.firstapp.jobfixer"
        }
      },
      "oauth_client": [
        {
          "client_id": "493201538725-greu34bkdnra8bct01grm8jv61lrndpn.apps.googleusercontent.com",
          "client_type": 3
        }
      ],
      "api_key": [
        {
          "current_key": "AIzaSyAtZufCFJLWa981are59say04gUwOpYRyk"
        }
      ],
      "services": {
        "appinvite_service": {
          "other_platform_oauth_client": [
            {
              "client_id": "493201538725-greu34bkdnra8bct01grm8jv61lrndpn.apps.googleusercontent.com",
              "client_type": 3
            }
          ]
        }
      }
    }
  ],
  "configuration_version": "1"
}